Status	Percentage	Server Count 
Installed	0.40	0.045296463390387814
Needed	0.20	0.045296463390387814
Downloaded	0.10	0.045296463390387814
Pending	0.10	0.045296463390387814
Failed	0.05	0.03390387814
Unknown	0.05	0.03390387814
